&utm_term=;Группировка (не участвует);Заголовок 1;Заголовок 2;кнопка желтая
Ошибка или по умолчанию;;Создание сайтов в Ростове-на-Дону;с уникальным дизайном и высокой конверсией;получить расчет стоимости
разработка сайтов;создание сайтов;Делаем сайты с высококонверсионными страницами;Делаем под каждый товар посадочную страницу с адаптивным контентом;Узнать про лендосайт
создание лендингов;лендинги;Лендинги устарели. Делаем мультилендинги;Разрабатываем лендинги, которые подстраиваются под запросы в контекстной рекламе!;Заказать мультилендинг
настройка директа;настройка директа;Увеличим отдачу от контекстной рекламы;Внедряем в лендинги механизмы адаптивного контента, которые повышают конверсию;узнать подробнее
;;;;
;;;;
;;;;
;;;;
;;;;
;;;;
;;;;
;;;;
;;;;
;;;;
;;;;
